TF	gene	ctype	RP	cor	clst	BP
ADNP	FUT7	KIRC	0.79671110975094	0.478840303137633	2	0.38149738930626
AFF4	MAN1A2	KIRC	0.792731372127979	0.795740352172057	3	0.630808341234956
AFF4	STT3B	KIRC	0.963871591153103	0.673119711985411	3	0.648800967827896
AFF4	NEU3	KIRC	0.814311788705175	0.683565871950203	3	0.556635747885582
AFF4	FUT11	KIRC	0.970313506549281	0.634986163214639	3	0.61613565063907
AFF4	COG5	KIRC	0.917919261327035	0.671040038366482	3	0.615960576338226
AHR	MAN1A2	KIRC	0.929572172419346	0.453248122506771	3	0.421326841883609
AR	MAN2A1	KIRC	0.797884904444922	0.687099041793783	3	0.54822595330583
AR	ACER2	KIRC	0.975305990981318	0.588593452015092	3	0.574058720002694
AR	FUT11	KIRC	0.885709684346146	0.665331818954422	3	0.589290835351568
AR	UGCG	KIRC	0.983519433111445	0.582118173087193	3	0.572524535598586
AR	COG5	KIRC	0.875563667597166	0.581647734852367	3	0.509269623976922
AR	MAN1A2	KIRC	0.694975305990981	0.742709454104636	3	0.516164730128764
AR	SLC35A3	KIRC	0.668295039725145	0.706967784539288	3	0.472463063653081
AR	GNE	KIRC	0.839596306635173	0.560719778810913	3	0.470778255346934
AR	FUT10	KIRC	0.842495168563453	0.560452663814947	3	0.47217866147261
AR	GANAB	KIRC	0.993182306205712	0.44307396062033	3	0.440053218028598
AR	LAMP2	KIRC	0.738941378569895	0.550011906409388	3	0.406426556352009
AR	SLC35F5	KIRC	0.976970152458664	0.572213204104116	3	0.559035221252459
AR	ALG10	KIRC	0.582402834442774	0.67243358696271	3	0.391627227021604
AR	COG8	KIRC	0.802340562593945	0.537396411121459	3	0.431174938835158
AR	SLC35E3	KIRC	0.780169637105433	0.528669823423585	3	0.412452144288972
AR	GLCE	KIRC	0.837395318874812	0.495778938912432	3	0.415162962641992
AR	GNB1	KIRC	0.928709469615632	0.47641699778121	3	0.442452977325259
AR	GCNT2	KIRC	0.974017607902083	0.443903876834948	3	0.432370192253237
AR	ASAH1	KIRC	0.998980030062272	0.443441646334343	3	0.442989349185945
ARID2	COG6	KIRC	0.989210370927049	0.481652804946417	3	0.476455949839099
ASH2L	FUT10	KIRC	0.924844320377926	0.615870142423929	3	0.569584003311115
ASH2L	COG6	KIRC	0.746456946532102	0.4794388985096	3	0.35788049623019
ASH2L	SLC35A3	KIRC	0.726540691432253	0.452925839069397	3	0.329069052285013
ASH2L	FPGT	KIRC	0.567532746403264	0.442894221630434	3	0.251356973968056
ASH2L	ASAH1	KIRC	0.812969722997638	0.541851860163481	3	0.44050915666286
ASH2L	FUT11	KIRC	0.997906377496242	0.415859295747313	3	0.414988643367339
ATF1	SLC35A5	KIRC	0.829557655142796	0.58078114357218	3	0.481791443612889
ATF1	STT3B	KIRC	0.55942666952974	0.563151553838373	3	0.315041998204299
ATF1	SLC35A3	KIRC	0.540261971226111	0.59721946899492	3	0.322654967573807
ATF1	FUT11	KIRC	0.856828430319948	0.444239874461147	3	0.380637354320075
ATF1	MAN2A1	KIRC	0.6485398325102	0.545454951590991	3	0.353749262946681
ATF1	GALNT4	KIRC	0.756978741679193	0.535966187459663	3	0.40571501016581
ATF1	LAMP2	KIRC	0.835677474769165	0.513244270066456	3	0.428906675548879
ATF1	GALC	KIRC	0.666094051964784	0.560016199366072	3	0.373023459401665
ATF2	MAN1A2	KIRC	0.741249731586858	0.838275116601774	3	0.621371205177007
ATF2	MAN2A1	KIRC	0.874973158685849	0.784588534855026	3	0.686493908610804
ATF2	FUT11	KIRC	0.951524586643762	0.709684648461704	3	0.675282391774946
ATF2	SLC35F5	KIRC	0.945028988619283	0.669271843066459	3	0.632481292964459
ATF2	ACER2	KIRC	0.736364612411424	0.656107468539443	3	0.483134321771288
ATF2	FUT10	KIRC	0.905035430534679	0.631075229806169	3	0.571145442307398
ATF2	COG5	KIRC	0.791711402190251	0.717840538892816	3	0.568322539595837
ATF2	GANAB	KIRC	0.983036289456732	0.523144355967147	3	0.514269886540176
ATF4	RFNG	KIRC	0.909222675542194	0.517791354824714	2	0.470787641006344
ATF4	DPM3	KIRC	0.66920764440627	0.404626959518624	2	0.27077945444273
ATF4	A4GALT	KIRC	0.896285162121537	0.409956168621354	2	0.367437631055514
ATF5	MAN2B1	KIRC	0.990767083579365	0.402431546457646	2	0.398715929624176
ATF5	TSTA3	KIRC	0.950614633098932	0.476151545111162	2	0.452636626355337
ATF7IP	ALG10	KIRC	0.916474314241237	0.737940448836309	3	0.676303466798127
ATF7IP	FUT10	KIRC	0.961511621665146	0.618813186566578	3	0.594996070523407
AUTS2	GNE	KIRC	0.932095120511031	0.450745906418531	3	0.420138059963035
BACH1	CSGALNACT2	KIRC	0.823759931286236	0.454619229703104	3	0.374497105421631
BACH1	UGCG	KIRC	0.585355378999356	0.474897943578165	3	0.277984065749212
BACH1	MAN1A2	KIRC	0.938801803736311	0.57072157827872	3	0.535794447119297
BACH1	MAN1A1	KIRC	0.855593729869014	0.533213479634637	3	0.456214109857035
BACH1	NEU3	KIRC	0.758267124758428	0.539112243155061	3	0.408791090539255
BACH1	COG5	KIRC	0.639252737814043	0.520390401397684	3	0.332660988825618
BACH1	UGDH	KIRC	0.684829289242001	0.485955943376192	3	0.332796863305244
BACH1	GCNT1	KIRC	0.603016963710543	0.431940948365248	3	0.260467719185464
BACH1	UGP2	KIRC	0.585355378999356	0.43534850870664	3	0.25483359131078
BATF	FUT7	KIRC	0.858653639682199	0.6744587855856	2	0.579126491058711
BATF	NAGK	KIRC	0.855486364612411	0.640095633610069	2	0.547593086601356
BATF	LAMP3	KIRC	0.829987116169208	0.470289768342416	2	0.390334448590407
BATF	MGAT1	KIRC	0.830953403478634	0.457815674652896	2	0.380423493018691
BATF	CTSA	KIRC	0.850654928065278	0.43346311942939	2	0.368727538677159
BATF	GBGT1	KIRC	0.69529740176079	0.556820897265349	2	0.387156123114709
BATF	HK3	KIRC	0.562164483573116	0.517606732752434	2	0.29098012161174
BATF	NANS	KIRC	0.884850762293322	0.493167217104336	2	0.436379387992848
BATF	TSTA3	KIRC	0.700558299334335	0.52172421015623	2	0.365498225388598
BATF	CHST11	KIRC	0.857579987116169	0.550341566418024	2	0.471961913438261
BATF	GLA	KIRC	0.633508696585785	0.405561913952192	2	0.256926999492689
BATF	SLC35C2	KIRC	0.921354949538329	0.401547708546059	2	0.369967968744686
BATF	ST8SIA1	KIRC	0.688211294824995	0.709136392594837	2	0.488035674955219
BATF	GAL3ST4	KIRC	0.719776680266266	0.475248382660777	2	0.342072703173486
BATF	ALG3	KIRC	0.699323598883401	0.431116226919124	2	0.301489751346115
BCAT1	GCNT1	KIRC	0.948413763487036	0.472804659665781	2	0.448414446667831
BCAT1	GALNT6	KIRC	0.932095120511031	0.483354091628236	2	0.450531990285721
BCL3	MOGS	KIRC	0.826229332188104	0.436206788357235	2	0.360406843440316
BCL3	TSTA3	KIRC	0.813560231908954	0.480256555070572	2	0.39071763431901
BCL3	B3GAT3	KIRC	0.971709254885119	0.476330660728838	2	0.462854911415756
BCL3	CHST12	KIRC	0.5362357741035	0.419453971649863	2	0.224926225188452
BCL3	SLC35C2	KIRC	0.985935151385012	0.415195404333767	2	0.409355743826174
BCL3	B3GALT6	KIRC	0.976003865149238	0.415102417977722	2	0.405141564379051
BCL3	CHPF2	KIRC	0.565063345501396	0.404190702860489	2	0.228393350778909
BMI1	ALG10B	KIRC	0.723158685849259	0.416972638530969	3	0.301537385315154
BMI1	MAN1A2	KIRC	0.592656216448357	0.53980096556201	3	0.319916397885151
BMI1	ALG10	KIRC	0.645318874812111	0.437124496159404	3	0.282084688014398
BMI1	STT3B	KIRC	0.656216448357312	0.507686906731464	3	0.333152498812831
BMI1	GALNT1	KIRC	0.944867940734378	0.477839429290266	3	0.451495157555184
BMI1	SLC35A3	KIRC	0.732660511058621	0.441406855515203	3	0.323401372346547
BMI1	HS2ST1	KIRC	0.600493880180374	0.473690471589396	3	0.284448229289188
BMI1	FUT11	KIRC	0.854842173072794	0.440593458664396	3	0.376637869646331
BMI1	B3GNT2	KIRC	0.665503543053468	0.411582131160008	3	0.273909366544483
BMI1	ACER2	KIRC	0.810768735237277	0.499408419763892	3	0.404904732858818
BMI1	SLC35F5	KIRC	0.606184238780331	0.402244119210379	3	0.243834045207408
BRD2	FUT11	KIRC	0.891990551857419	0.485221195320386	3	0.432812721786748
BRD2	COG3	KIRC	0.667543482928924	0.534016590843826	3	0.356479294993718
BRD2	NDST2	KIRC	0.816942237491948	0.643852697975744	3	0.525990463699532
BRD2	MAN2A2	KIRC	0.589596306635173	0.468510144551706	3	0.276231850848797
CAMTA2	SGSH	KIRC	0.982607762091363	0.514250185037654	2	0.505306223474918
CASP8AP2	ALG10B	KIRC	0.973643244403886	0.53356329534503	3	0.519500297974564
CASP8AP2	NDST2	KIRC	0.983090879811047	0.605036452729477	3	0.594805818631577
CBX7	COG7	KIRC	0.777485505690359	0.405539264761558	2	0.315300900340436
CBX7	PMM1	KIRC	0.755260897573545	0.464676093716948	2	0.350951683621631
CBX7	GNE	KIRC	0.755260897573545	0.509129493942276	2	0.384525598576008
CBX7	COG3	KIRC	0.802072149452437	0.450159728741657	2	0.361060581228747
CBX7	GALT	KIRC	0.900257676615847	0.427862951202007	2	0.385186906359118
CBX7	POMT1	KIRC	0.85398325101997	0.403893873788736	2	0.344918603405154
CD59	EXTL2	KIRC	0.996671855708841	0.434355684552047	1	0.432910086160173
CEBPB	B3GAT3	KIRC	0.766856345286665	0.47346668096267	2	0.363080928578041
CEBPB	TPST2	KIRC	0.920388662228903	0.500633761756281	2	0.460777638249487
CEBPB	GALNT2	KIRC	0.770560446639467	0.400973063255241	2	0.308973982712354
CHD1	CSGALNACT2	KIRC	0.62427528451793	0.519850041578927	1	0.324529532613342
CHD1	B3GALNT2	KIRC	0.761756495598024	0.451373850034098	1	0.343836962206563
CHD1	COG3	KIRC	0.854251664161477	0.487426166755393	1	0.416384614106644
CHD1	ACER2	KIRC	0.741357096843461	0.404529817347784	1	0.299901050975569
CHD2	OGT	KIRC	0.617511273351943	0.653232579759436	3	0.403378482122224
CHD2	NDST2	KIRC	0.896875671032854	0.706211841828027	3	0.633384219530859
CHD2	COG3	KIRC	0.621054326819841	0.614037843680689	3	0.381350859649017
CHD2	ALG10B	KIRC	0.763635387588576	0.47688442305031	3	0.364165821230978
CHD2	FUT11	KIRC	0.746832724930213	0.478978538125653	3	0.357716846811471
CIITA	FUT7	KIRC	0.850332832295469	0.538921755038176	2	0.458262862347257
CIITA	MAN2B1	KIRC	0.908363753489371	0.55449426435221	2	0.503682491255301
CIITA	GAL3ST4	KIRC	0.992645479922697	0.566890436514319	2	0.562721229417343
CIITA	NEU3	KIRC	0.914913034142152	0.404079015337866	2	0.36969715795594
CPSF3L	RFNG	KIRC	0.783014816405411	0.707290587453512	2	0.553819009480187
CPSF3L	PIGQ	KIRC	0.699592012024909	0.564386765890901	2	0.394840473109847
CPSF3L	B3GAT3	KIRC	0.965482070002147	0.520767541590356	2	0.502791724044586
CPSF3L	MOGS	KIRC	0.778934936654499	0.556445315503226	2	0.433434696583198
CPSF3L	GALE	KIRC	0.995222246081168	0.411605923199711	2	0.409639371387129
CPSF3L	COG4	KIRC	0.934507193472192	0.430455452366674	2	0.402263716705983
CPSF3L	GALT	KIRC	0.952222460811681	0.452305687606571	2	0.430695634891849
CPSF3L	CHST5	KIRC	0.714730513205927	0.513342625260275	2	0.366901638002754
CREB3	ALG2	KIRC	0.985345429169574	0.537781655152982	1	0.529900695796239
CREB3L2	FUT11	KIRC	0.997208653175157	0.494611258850327	3	0.493230627283403
CREB3L2	STT3A	KIRC	0.999302163293789	0.468538507987684	3	0.468211544618537
CREBBP	FUT11	KIRC	0.992806527807601	0.661816519114462	3	0.657055760387742
CREBBP	MAN1A2	KIRC	0.712797938587073	0.553969073257456	3	0.394868013458906
CREBBP	ACER2	KIRC	0.764279579128194	0.574605187204911	3	0.439159010641847
CREBBP	FUT10	KIRC	0.96231479493236	0.429154578440381	3	0.412981800146139
CSNK2A1	GANAB	KIRC	0.989693488646734	0.548982822770707	3	0.543324725075073
CSNK2A1	STT3A	KIRC	0.991142841805787	0.482013841356757	3	0.47774456851206
CSNK2A1	FUT11	KIRC	0.974609479843255	0.525478988823767	3	0.512136803966091
CSNK2A1	SLC35E3	KIRC	0.973160126684202	0.532225122980949	3	0.517940268104655
CTBP2	GNE	KIRC	0.931075205325031	0.46699171372088	1	0.434804405737756
CTBP2	ST6GALNAC3	KIRC	0.984110794997048	0.47048893576648	1	0.463013240614466
CTNNB1	STT3B	KIRC	0.706570753704101	0.546006428214325	1	0.38579217351068
CTNNB1	FUT11	KIRC	0.91593300407988	0.495916704172895	1	0.454226476626473
CTNNB1	PAPSS1	KIRC	0.907021687781834	0.442229706844669	1	0.401111935089517
CTNNB1	XYLT1	KIRC	0.783175864290316	0.61831833291983	1	0.484251994791035
CTNNB1	FUT10	KIRC	0.966126261541765	0.469858083080556	1	0.453942233261798
CTNNB1	GNB1	KIRC	0.583047025982392	0.614919811475618	1	0.358527167298512
CTNNB1	EXTL3	KIRC	0.650633455013958	0.615193367984517	1	0.40026538651344
CTNNB1	ST6GALNAC3	KIRC	0.945565814902298	0.731627038894686	1	0.691801517237009
CTNNB1	GNPNAT1	KIRC	0.787470474554434	0.50524172920129	1	0.397862944258843
CTNNB1	MGAT4A	KIRC	0.937567103285377	0.460403396630548	1	0.431659078921651
CTNNB1	SULF1	KIRC	0.966018896285162	0.402426247793782	1	0.388751359729928
DCP1A	STT3B	KIRC	0.95560684953567	0.656266740141472	3	0.627132992001636
DDIT3	POFUT2	KIRC	0.957431960921144	0.453197421566268	2	0.433905696014598
DEK	ALG10	KIRC	0.945192978689141	0.57000740150615	3	0.538766993704455
DEK	STT3B	KIRC	0.988512534220839	0.551109768782932	3	0.544778914173477
DEK	ALG10B	KIRC	0.996188737989157	0.480371878931141	3	0.478541055837893
DEK	COG5	KIRC	0.980245853239573	0.513726552373448	3	0.503578322663135
DEK	FPGT	KIRC	0.964786086209673	0.514151276645526	3	0.496045997914544
DR1	FUT11	KIRC	0.966825916581674	0.47381026295087	3	0.458092041763279
E2F4	MOGS	KIRC	0.994953832939661	0.537128257171793	2	0.534417818253275
E2F4	PIGQ	KIRC	0.703081382864505	0.49217761370621	2	0.346040917259514
E2F4	GMPPA	KIRC	0.743397036718918	0.408495295825442	2	0.303674192430251
E2F4	IDUA	KIRC	0.811037148378785	0.546877694786156	2	0.443538126091328
E2F4	RFNG	KIRC	0.83116813399184	0.424846037451372	2	0.353118488182284
E2F4	B3GAT3	KIRC	0.993987545630234	0.417832268821373	2	0.415320071370869
E2F4	PMM2	KIRC	0.643171569680052	0.462365356795401	2	0.297380252295775
E2F4	TSTA3	KIRC	0.984915181447284	0.403752472190326	2	0.397661939407124
E2F4	SLC35C2	KIRC	0.616330255529311	0.469160425671798	2	0.28915776503854
EBF1	CSGALNACT1	KIRC	0.984915181447284	0.532963819060811	1	0.524924156555116
EBF1	ST6GALNAC3	KIRC	0.592495168563453	0.488876234432837	1	0.28965680692695
EBF1	CHSY1	KIRC	0.834228043805025	0.418942183057824	1	0.349493317839735
EBF1	CHST1	KIRC	0.530974876529955	0.481891140924926	1	0.255872089053492
EBF1	SULF1	KIRC	0.745812754992484	0.467442307940058	1	0.34862443548482
EBF1	CHST2	KIRC	0.578430319948465	0.463688360435479	1	0.268211406683073
EBF1	XYLT1	KIRC	0.840133132918188	0.516422221640408	1	0.433863418975327
EBF1	FUT1	KIRC	0.839327893493665	0.641694791143294	1	0.538592337316158
EBF1	B3GNT2	KIRC	0.974608116813399	0.449330955376108	1	0.437921596245074
ELF1	FUT11	KIRC	0.977399613485076	0.528852367588468	3	0.516900099671636
ELF1	CSGALNACT2	KIRC	0.762508052394245	0.52827761840228	3	0.402815937931393
ELF1	LIPA	KIRC	0.87137642258965	0.500341607976172	3	0.43598588043103
ELF2	COG3	KIRC	0.990015567126523	0.480137075395208	2	0.475343178995857
ELK3	FUT1	KIRC	0.985935906382522	0.594440267850575	1	0.586080004273526
ELK4	ALG10	KIRC	0.789617779686493	0.703130201261955	3	0.555204108350982
ELK4	FUT11	KIRC	0.847702383508697	0.683594027595441	3	0.579484286544965
ELK4	UGGT1	KIRC	0.800461670603393	0.544759579880371	3	0.436059163388244
ELK4	ACER2	KIRC	0.895104144298905	0.678211520167961	3	0.607069942413602
ELK4	SLC35A3	KIRC	0.9347756066137	0.605717902460533	3	0.566210319709323
ELK4	SLC35E1	KIRC	0.912712046381791	0.425835744744868	3	0.388665414008602
ELK4	CSGALNACT2	KIRC	0.804058406699592	0.558958440605303	3	0.449435233164388
ELL2	CHST11	KIRC	0.677474769164698	0.403877146634185	2	0.273616576686891
EMX1	PIGQ	KIRC	0.774801374275285	0.446827596438799	2	0.346202635784904
EMX1	FUT6	KIRC	0.78043805024694	0.44737325492142	2	0.3491471108035
EMX1	PMM1	KIRC	0.970474554434185	0.432851071805415	2	0.420070951046719
EMX1	KHK	KIRC	0.68187674468542	0.412820252282893	2	0.281492529766873
EMX1	ALG12	KIRC	0.863538758857634	0.402627285334504	2	0.347684266259976
ERCC6	MAN1A2	KIRC	0.676776894996779	0.624550288891465	3	0.422681205285307
ERCC6	STT3B	KIRC	0.667597165557226	0.563094307489568	3	0.375920163621445
ERCC6	NDST2	KIRC	0.876583637534894	0.55866150763818	3	0.489713536516204
ERCC6	COG5	KIRC	0.887749624221602	0.429583354631884	3	0.38136246164631
ERCC6	ACER2	KIRC	0.740873953188748	0.570806772482023	3	0.422895870035667
ERCC6	MAN2A1	KIRC	0.718005153532317	0.530354175160113	3	0.380797030962342
ERCC6	FUT10	KIRC	0.902727077517715	0.518463038391001	3	0.468030623447663
ERCC6	CSGALNACT2	KIRC	0.740873953188748	0.506700420194434	3	0.37540114339185
ERCC6	MGAT4A	KIRC	0.939338630019326	0.585463811788135	3	0.549948774890959
ERCC6	HS3ST3B1	KIRC	0.89784195834228	0.486606516701616	3	0.436895747897494
ERF	HYAL2	KIRC	0.972730688711149	0.438812276443138	1	0.426846167879441
ERG	MFNG	KIRC	0.983358385226541	0.41877792447804	1	0.411808783583248
ERG	FUT1	KIRC	0.905303843676186	0.783022519944794	1	0.708873296991035
ERG	NDST1	KIRC	0.949108868370195	0.65974837788159	1	0.626173036340268
ERG	ST3GAL2	KIRC	0.694814258106077	0.465367413508144	1	0.323343914163405
ERG	CSGALNACT1	KIRC	0.845501395748336	0.746404181248382	1	0.631085777037901
ERG	CHST7	KIRC	0.664966716770453	0.705366756889406	1	0.469045416447771
ERG	CHSY1	KIRC	0.781135924414859	0.505606713635685	1	0.39494756764617
ERG	EXTL2	KIRC	0.924307494094911	0.590267414214632	1	0.545588594478609
ERG	CHST1	KIRC	0.768144728365901	0.504296696916843	1	0.387372849269009
ERG	B3GNT2	KIRC	0.977775391883187	0.476679749171642	1	0.466085728549082
ERG	HYAL2	KIRC	0.682359888340133	0.691871475609315	1	0.472105342842495
ERG	EXTL3	KIRC	0.939714408417436	0.619769959027822	1	0.582406760402728
ERG	GNB1	KIRC	0.796220742967576	0.531288817907572	1	0.423023177324732
ERG	ACER2	KIRC	0.976916469830363	0.529448207534742	1	0.517226673862853
ERG	EXT2	KIRC	0.776304487867726	0.404644102254654	1	0.314127032569495
ERG	GNPNAT1	KIRC	0.72680910457376	0.400688909418614	1	0.291224347467179
ESRRA	RFNG	KIRC	0.949108868370195	0.506502187828699	2	0.480725718317125
ESRRA	GALE	KIRC	0.957644406270131	0.454760423510774	2	0.435498775768129
ESRRA	GPI	KIRC	0.778505475628087	0.40299195808279	2	0.313731446001537
ESRRA	GMPPA	KIRC	0.881254026197123	0.445083400969219	2	0.392231539097633
ESRRA	DPM3	KIRC	0.777324457805454	0.4450741542813	2	0.345967025659932
ESRRA	PIGQ	KIRC	0.765460596950827	0.492862699775212	2	0.37726697638473
ESRRA	GALK1	KIRC	0.965965213656861	0.414565278915432	2	0.400455638222261
ESRRA	CHST13	KIRC	0.637212797938587	0.488028656005339	2	0.31097810536737
ESRRA	PMM2	KIRC	0.665825638823277	0.405495005333988	2	0.269988970966151
ESRRA	SLC35A4	KIRC	0.81919690788061	0.417803385908546	2	0.34226324183833
ESRRA	ALG12	KIRC	0.647573545200773	0.465780397603425	2	0.301627063361076
ESRRA	KHK	KIRC	0.972890272707752	0.450275260392966	2	0.438068420877267
ESRRA	SLC35B1	KIRC	0.945136353875886	0.417231545792715	2	0.394340701912526
ESRRA	POMGNT1	KIRC	0.907021687781834	0.409400847869335	2	0.371335448013758
ESRRA	NAGLU	KIRC	0.975896499892635	0.402551857295969	2	0.392848948560416
ETS1	NDST1	KIRC	0.833100708610694	0.528193774838785	1	0.440038608101949
ETS1	CHSY1	KIRC	0.702329826068284	0.591434574799887	1	0.415382142049974
ETS1	ST6GALNAC3	KIRC	0.681715696800515	0.722982840225129	1	0.492868750698889
ETS1	FUT1	KIRC	0.999570538973588	0.641053237234272	1	0.640777929853025
ETS1	GNB1	KIRC	0.724554434185098	0.612406063001321	1	0.443721528469446
ETS1	ACER2	KIRC	0.646983036289457	0.647675632005924	1	0.419035146925886
ETS1	EXTL3	KIRC	0.822149452437191	0.567020825203521	1	0.466175860961559
ETS1	EXTL2	KIRC	0.869282800085892	0.574999262342874	1	0.499836968816736
ETS2	FUT1	KIRC	0.94583713564872	0.498222973593537	1	0.471237790258099
ETS2	HYAL2	KIRC	0.981265768425573	0.414142320864642	1	0.406383682720793
EZH1	OGT	KIRC	0.709201202490874	0.59796813903029	2	0.424079723251512
EZH1	NDST2	KIRC	0.977399613485076	0.630495078060747	2	0.616245645600817
EZH1	POMT2	KIRC	0.84528666523513	0.421771357875082	2	0.356517704589921
EZH1	COG3	KIRC	0.862035645265192	0.550191229817805	2	0.474284451815241
EZH1	A4GNT	KIRC	0.590723641829504	0.539774959273803	2	0.318857829710593
EZH1	GALT	KIRC	0.578161906806957	0.479869025340912	2	0.277441990708698
EZH1	SULT1A3	KIRC	0.638662228902727	0.47651455553353	2	0.304331848141637
FLI1	MFNG	KIRC	0.867135494953833	0.628793168006709	1	0.545248874963086
FLI1	ST8SIA4	KIRC	0.864934507193472	0.4356918829041	1	0.376844944027854
FLI1	CSGALNACT1	KIRC	0.910564741249732	0.640170646067124	1	0.582916818691785
FLI1	NDST1	KIRC	0.973266051105862	0.484818600762093	1	0.471857485066392
FLI1	ST6GALNAC3	KIRC	0.598937083959631	0.613940805405219	1	0.367711915713229
FLI1	FUT1	KIRC	0.926347433970367	0.65122978871422	1	0.603265043700482
FLI1	SULF1	KIRC	0.903908095340348	0.420480977381147	1	0.380076159391441
FLI1	B3GNT2	KIRC	0.881629804595233	0.451195046102531	1	0.397787000329712
FLI1	CHST7	KIRC	0.811305561520292	0.53854040303923	1	0.436920824089107
FLI1	ACER2	KIRC	0.87100064419154	0.519454408010416	1	0.452445124005207
FLI1	CHST1	KIRC	0.880180373631093	0.44446626247212	1	0.391210480969126
FOSL2	UGCG	KIRC	0.859512561735023	0.471767368292879	1	0.405489979264403
FOSL2	CHSY1	KIRC	0.97535967360962	0.4449503110004	1	0.433986590109849
FOSL2	MGAT5	KIRC	0.541389306420442	0.476109571381729	1	0.257760630630488
FOXK1	NDST1	KIRC	0.803736310929783	0.424603026181218	1	0.341268869872514
FOXO1	CSGALNACT2	KIRC	0.940251234700451	0.461677361656042	1	0.43409270933034
FOXO1	CSGALNACT1	KIRC	0.598346575048314	0.592239452230363	1	0.354364447850527
FOXO1	ST6GALNAC3	KIRC	0.503113592441486	0.581814383025658	1	0.292718724378166
FOXO1	ACER2	KIRC	0.71521365686064	0.542476479127212	1	0.387986586397458
FOXO1	CHSY1	KIRC	0.554541550354305	0.54236364875552	1	0.300763178636704
FOXO1	MAN1A2	KIRC	0.532639038007301	0.518980125646904	1	0.276429074869475
FOXO1	GNB1	KIRC	0.919261327034572	0.475277888945824	1	0.436904582902528
FOXO1	GALNT1	KIRC	0.804863646124114	0.453011656644919	1	0.364612613703955
FOXO3	MAN1A2	KIRC	0.940841743611767	0.407861949650641	3	0.383733547862204
FOXO3	FUT11	KIRC	0.721548207000215	0.43901321008849	3	0.316769194588759
FOXP3	FUT7	KIRC	0.914805668885549	0.52674947613352	2	0.481873406849437
FOXP3	CHST11	KIRC	0.747852694867941	0.569724286623222	2	0.426069843082892
FOXP3	ST8SIA1	KIRC	0.667328752415718	0.55967396801768	2	0.373486530836793
FOXP3	GBGT1	KIRC	0.896875671032854	0.457041654147275	2	0.409909540253303
FOXP3	GAL3ST4	KIRC	0.842012024908739	0.469850290927815	2	0.39561959486809
FOXP3	MAN2B1	KIRC	0.666738243504402	0.640562747193059	2	0.427087680917854
GABPA	SLC35A5	KIRC	0.731801589005798	0.591478106959868	3	0.432844618535373
GABPA	FPGT	KIRC	0.803360532531673	0.583321904842646	3	0.468617796111778
GABPA	EXTL2	KIRC	0.934990337126906	0.62722414013075	3	0.586448510234984
GABPA	FUT11	KIRC	0.995866437620786	0.529212053359	3	0.527024522324609
GABPA	CTBS	KIRC	0.915235129911961	0.481530416200696	3	0.440713553028005
GABPA	FUT10	KIRC	0.894674683272493	0.508197864160544	3	0.454671763157592
GATA2	ST3GAL2	KIRC	0.873147949323599	0.429794054442005	1	0.375273797267512
GATA2	MFNG	KIRC	0.966502039939875	0.471718953050513	1	0.455917330401623
GATA2	EXTL2	KIRC	0.828806098346575	0.468390664876342	1	0.388205039458119
GATA2	NDST1	KIRC	0.961509555507838	0.469567383835626	1	0.451493526512771
GATA2	FUT1	KIRC	0.759877603607473	0.754020543023696	1	0.572963323303652
GATA2	HYAL2	KIRC	0.911638393815761	0.67372012332796	1	0.614189131112058
GATA2	ST6GALNAC3	KIRC	0.861874597380288	0.616345671531879	1	0.531212677498621
GATA2	EXTL3	KIRC	0.910672106506335	0.49530444875818	1	0.451059945712571
GATA2	CHST1	KIRC	0.680266265836375	0.460848068813644	1	0.313499394889762
GATA2	A4GALT	KIRC	0.940734378355164	0.417259597542584	1	0.392530448106949
GATA6	SULF1	KIRC	0.746081168133992	0.526447709252548	1	0.392772721880605
GATA6	HAS2	KIRC	0.928763152243934	0.596273499716394	1	0.553796855196121
GATA6	MAN1C1	KIRC	0.700773029847541	0.583462163591987	1	0.408874548181758
GATAD1	OGT	KIRC	0.607311573974662	0.533586775698624	2	0.324053424601596
GATAD1	ALG13	KIRC	0.565707537041014	0.574113658209999	2	0.324780423567585
GLI1	SULF1	KIRC	0.976864029201782	0.415298842961391	1	0.405690501058103
GLI2	ST3GAL2	KIRC	0.976541950721993	0.424011549840479	1	0.414065066009877
GLIS1	GALT	KIRC	0.993075312684524	0.415327143662777	2	0.412451133059282
GLIS1	COG1	KIRC	0.940737559718718	0.432691592412646	2	0.407049232757079
GLYR1	COG7	KIRC	0.921788609157765	0.574655264773194	3	0.52971067726047
GLYR1	SLC35D1	KIRC	0.985935906382522	0.501609443174843	3	0.494554761006621
GLYR1	FUT11	KIRC	0.950936711578721	0.498903280475525	3	0.474425444931232
GLYR1	GALK2	KIRC	0.998013849374631	0.460714147681866	3	0.459799099989331
GTF2I	COG5	KIRC	0.868745973802877	0.651952900488599	3	0.566381457408578
GTF2I	UGGT1	KIRC	0.92318015890058	0.472762478145609	3	0.436444939696695
GTF2I	SLC35A3	KIRC	0.994470689284947	0.640363891455104	3	0.636823120528548
GTF2I	ALG10	KIRC	0.89564097058192	0.61281187831608	3	0.548859425479143
GTF2I	FUT11	KIRC	0.97208503328323	0.656897073350547	3	0.638559813411623
GTF2I	SLC35E3	KIRC	0.914429890487438	0.497891235677504	3	0.455286628115235
GTF2I	SLC35E1	KIRC	0.974930212583208	0.500033038727623	3	0.487497316745349
GTF2I	COG6	KIRC	0.91013528022332	0.497440641458325	3	0.452738277608141
GTF2I	GANAB	KIRC	0.964032639038007	0.451116397307531	3	0.434890931009697
GTF2I	ALG10B	KIRC	0.905250161047885	0.434357242982595	3	0.393201964162309
GTF2I	POFUT1	KIRC	0.937567103285377	0.422658000961656	3	0.396270237642008
GTF2I	GLCE	KIRC	0.900633455013958	0.452030260981013	3	0.407113575718191
GTF2I	COG8	KIRC	0.905250161047885	0.480078270615854	3	0.434590931790592
GTF2I	GNS	KIRC	0.929890487438265	0.520998293206864	3	0.484471356824635
GTF2I	COG2	KIRC	0.91883186600816	0.445235815476836	3	0.409096855148246
HBP1	ALG10	KIRC	0.987385259541575	0.605266477078396	3	0.597631197561867
HDAC6	FUT6	KIRC	0.955872879536182	0.509573127171673	2	0.487087132403844
HDAC6	KHK	KIRC	0.927098990766588	0.494565337096839	2	0.458511024890617
HECTD1	FUT11	KIRC	0.993826829137366	0.613961688374565	3	0.610171597969118
HES1	HYAL2	KIRC	0.942347952117666	0.469672318159207	1	0.442594747183686
HES1	FUT1	KIRC	0.987009501315154	0.492718804687925	1	0.486318141703628
HEY1	CSGALNACT1	KIRC	0.778398110371484	0.683416054826833	1	0.531969765674741
HEY1	EXTL2	KIRC	0.547938587073223	0.521683794857345	1	0.285850681453131
HEY1	NDST1	KIRC	0.574457805454155	0.441845501766845	1	0.253821597294772
HEY1	SLC35F1	KIRC	0.801481640541121	0.481689687802725	1	0.386065441211868
HEY1	FUT1	KIRC	0.593783551642688	0.576934729188407	1	0.342574352563505
HEY1	CHST1	KIRC	0.701792999785269	0.526855394683965	1	0.369743427888312
HEY1	UGGT2	KIRC	0.542140863216663	0.427030957079992	1	0.231510931691585
HEYL	CHST7	KIRC	0.954103816629986	0.558223484758757	1	0.532603157340821
HIF1A	STT3B	KIRC	0.723695512132274	0.505461156222481	1	0.3657999703154
HIF1A	CHSY1	KIRC	0.769594159330041	0.641841491405567	1	0.493957463001407
HIF1A	GNPNAT1	KIRC	0.657290100923341	0.484503486105241	1	0.318459345279824
HIF1A	CSGALNACT2	KIRC	0.644674683272493	0.554743924926037	1	0.357629364099033
HIF1A	CSGALNACT1	KIRC	0.745490659222676	0.515458280398642	1	0.384269333256171
HIF1A	EXT2	KIRC	0.632435044019755	0.43282863040552	1	0.273735993923525
HINFP	MOGS	KIRC	0.999194803800526	0.404182806812378	2	0.40385736035244
HINFP	GALT	KIRC	0.971603414031886	0.503562676128626	2	0.489263215305606
HMGN3	GMPPA	KIRC	0.937516774920822	0.429553017183879	2	0.402713159327739
HNF4A	KHK	KIRC	0.9855056903586	0.500948356936283	2	0.493687456336498
HNF4A	MPI	KIRC	0.795630234056259	0.445081738643301	2	0.354120487890936
HNF4A	ARSB	KIRC	0.836267983680481	0.407129902874452	2	0.340469702972848
HOXA6	FUT11	KIRC	0.923291642063449	0.413918904622775	3	0.382167865130266
HOXC6	CHST12	KIRC	0.99763809114821	0.421630164067412	2	0.420634312050719
HOXC9	B3GALT6	KIRC	0.603661155250161	0.524958888602138	2	0.316897289152407
HOXC9	DPM3	KIRC	0.545952329826068	0.408314310091108	2	0.222920148895564
HOXC9	PIGQ	KIRC	0.814204423448572	0.430275401690669	2	0.350332135357654
IKZF1	LAMP3	KIRC	0.937298690143869	0.549096795991467	2	0.514667707644997
IKZF1	MAN2B1	KIRC	0.853285376852051	0.630443130375806	2	0.537947904086506
IKZF1	GM2A	KIRC	0.917114021902512	0.542801152158094	2	0.497810547749027
IKZF1	FUT7	KIRC	0.679514709040155	0.55730625043961	2	0.378697794613731
IKZF1	ST3GAL5	KIRC	0.948035215804166	0.442347108612635	2	0.419360636573928
IKZF1	LIPA	KIRC	0.680695726862787	0.500738280498382	2	0.340850407811868
IKZF1	NAGK	KIRC	0.975789134636032	0.462489303971671	2	0.451292037700938
IKZF1	NPL	KIRC	0.7210113807172	0.518976073727479	2	0.374187655477441
IKZF1	GALNT6	KIRC	0.995222246081168	0.589730794629191	2	0.586913206014095
IKZF1	GCNT1	KIRC	0.975950182520936	0.700175313047139	2	0.683336224565009
INO80	FUT11	KIRC	0.912126254764077	0.693811929432602	3	0.632844076703997
INTS3	IDUA	KIRC	0.974180041870202	0.487372348953794	2	0.474788415310186
INTS3	MOGS	KIRC	0.976917708948414	0.483250092362984	2	0.472095573080356
IRF1	NAGK	KIRC	0.914215159974232	0.448114860071638	2	0.409673398487223
IRF2	LAMP3	KIRC	0.942186912877771	0.443564762347653	2	0.417920914097697
IRF2	GCNT1	KIRC	0.94315314831714	0.444394678562271	2	0.419132240181389
IRF3	B3GAT3	KIRC	0.974447068928495	0.606632285610865	2	0.591131052630901
IRF3	RFNG	KIRC	0.827786128408847	0.65382010807612	2	0.541223215940185
IRF3	PIGQ	KIRC	0.828806098346575	0.586035444113226	2	0.485709749928285
IRF3	MOGS	KIRC	0.919851835945888	0.658804072864732	2	0.606002135953252
IRF3	GALT	KIRC	0.934346145587288	0.45085302254488	2	0.421252783841187
IRF3	POFUT2	KIRC	0.783014816405411	0.682034246407402	2	0.534042920232895
IRF3	CHST5	KIRC	0.71848829718703	0.622416036407901	2	0.447198638140613
IRF3	OGT	KIRC	0.814741249731587	0.604878531767256	2	0.492819490907862
IRF4	FUT7	KIRC	0.932306205711832	0.558476943589071	2	0.520671520255068
IRF4	ST8SIA1	KIRC	0.932198840455229	0.785039856341794	2	0.73181324379296
IRF4	GM2A	KIRC	0.986633025552931	0.410495073904932	2	0.405007996741397
IRF4	LAMP3	KIRC	0.766051105862143	0.53394240954973	2	0.409027173302268
IRF4	CHST11	KIRC	0.981425810607687	0.560071783388959	2	0.549668904011002
IRF4	HK3	KIRC	0.779095984539403	0.455799273314225	2	0.355111383595091
IRF4	NAGK	KIRC	0.892151599742323	0.489917473829795	2	0.437080658018969
IRF4	GCNT1	KIRC	0.949592012024909	0.591926831062388	2	0.562088990480061
IRF4	GALNT6	KIRC	0.921569680051535	0.503764648727676	2	0.464254226149238
IRF5	HK3	KIRC	0.787577839811037	0.447447851796995	2	0.352400012546366
IRF5	FUT7	KIRC	0.984807816190681	0.4839294105693	2	0.476577466013196
IRF5	MAN2B1	KIRC	0.766963710543268	0.465082844090037	2	0.356701663813311
IRF5	CTSA	KIRC	0.93622503757784	0.438727913402794	2	0.410748057211978
IRF5	ARSA	KIRC	0.904552286879966	0.456663682791644	2	0.413076178604209
IRF5	CHST13	KIRC	0.844964569465321	0.416499914598006	2	0.351927671020647
IRF5	IDUA	KIRC	0.986042516641615	0.498296947096893	2	0.491341975750254
IRF5	MGAT4B	KIRC	0.988350869658578	0.422629533630308	2	0.417706267106914
IRF5	GMPPA	KIRC	0.97353446424737	0.515921861539056	2	0.502267713066931
IRF5	PMM2	KIRC	0.583905948035216	0.484833353904617	2	0.283097079150769
IRF5	MOGS	KIRC	0.845179299978527	0.48025780181501	2	0.405903952747236
IRF5	TSTA3	KIRC	0.833208073867297	0.431089837495174	2	0.35918753316312
IRF5	PIGQ	KIRC	0.88914537255744	0.423571033472179	2	0.37661622436116
IRF5	POMGNT1	KIRC	0.715052608975735	0.412049868115217	2	0.294637333223893
IRF5	RFNG	KIRC	0.976755421945459	0.409288536974492	2	0.39977479762996
IRF5	SLC35C2	KIRC	0.897251449430964	0.406533855137439	2	0.364763090764825
IRF8	HK3	KIRC	0.986311664608943	0.403746757944983	2	0.39822013690918
IRF8	LIPA	KIRC	0.960276987492619	0.548101582243367	2	0.526329336236598
IRF8	GM2A	KIRC	0.959042353320092	0.509682113414679	2	0.488806733494372
IRF8	GCNT1	KIRC	0.969831982393043	0.573516052042437	2	0.556214209686548
IRF8	GALNT6	KIRC	0.947018090074615	0.449519213786334	2	0.425702827291777
JMJD1C	FUT11	KIRC	0.945619497530599	0.722775984543694	3	0.683471063331392
JMJD1C	STT3B	KIRC	0.949377281511703	0.492391430377427	3	0.467465237611381
JMJD1C	CSGALNACT2	KIRC	0.997745329611338	0.510127408969994	3	0.508977239806544
JMJD1C	NDST2	KIRC	0.956839166845609	0.510110370129333	3	0.488093581553856
JMJD1C	IDS	KIRC	0.915288812540262	0.534933986959884	3	0.48961909371194
JMJD1C	FUT10	KIRC	0.813936010307065	0.532223148968922	3	0.433195586464827
JMJD6	MOGS	KIRC	0.856989478204853	0.442927052567317	2	0.379583823662479
JUND	DPM3	KIRC	0.81667382435044	0.453791183605144	2	0.370599381371326
JUND	CHST12	KIRC	0.587449001503114	0.448990905830483	2	0.263759259314096
JUND	B3GALT6	KIRC	0.524210865363968	0.515273138849513	2	0.270111778015111
KAT2B	SLC35A3	KIRC	0.793053467897788	0.529383272928565	3	0.41982924044308
KAT2B	NEU3	KIRC	0.925810607687352	0.574035113310368	3	0.53144779708775
KAT2B	COG6	KIRC	0.761165986686708	0.507609192994792	3	0.386374852237124
KAT2B	COG5	KIRC	0.726325960919047	0.557158765008206	3	0.404678875379055
KAT2B	FUT11	KIRC	0.919368692291175	0.524567826429902	3	0.482271236602883
KAT2B	FUT10	KIRC	0.798314365471333	0.512374873611283	3	0.409036222110446
KAT5	GALT	KIRC	0.94094910886837	0.401197477254187	2	0.377506408702565
KAT5	POMT1	KIRC	0.870141722138716	0.451808548261685	2	0.393137468261416
KAT5	PMM1	KIRC	0.92462958986472	0.548879966354523	2	0.507510658175344
KAT5	GNE	KIRC	0.952383508696586	0.484766029704933	2	0.461683172267297
KAT5	MPI	KIRC	0.975091260468113	0.47453254356229	2	0.462712536035293
KAT5	HYAL2	KIRC	0.863860854627443	0.42010820079401	2	0.362915029373911
KDM1B	MAN1A1	KIRC	0.988458854474207	0.527184327425011	2	0.521100016383282
KDM1B	LIPA	KIRC	0.970583498845885	0.495845431949156	2	0.481259394227961
KDM3A	COG3	KIRC	0.869014386944385	0.53634706788565	3	0.466093318388067
KDM3A	SLC35A3	KIRC	0.999087395318875	0.460220748570296	3	0.4598007489608
KDM3A	GNE	KIRC	0.85001073652566	0.425701408031611	3	0.36185076738096
KDM4C	SLC35A3	KIRC	0.71956194975306	0.400904492311119	3	0.288475618152149
KDM4C	COG3	KIRC	0.649452437191325	0.524271101253518	3	0.340489144458077
KDM4C	FUT11	KIRC	0.918992913893064	0.564380116587228	3	0.518661327885804
KDM4C	UGCG	KIRC	0.53516212153747	0.431059915628648	3	0.23068693895759
KDM4C	NDST2	KIRC	0.72535967360962	0.469572994185599	3	0.340609313798358
KDM4C	MGAT4A	KIRC	0.853553789993558	0.437784439548895	3	0.373672567577165
KDM5A	ALG10	KIRC	0.875026841314151	0.762980791408435	3	0.667628671889494
KDM5A	NEU3	KIRC	0.912497315868585	0.723689224844957	3	0.66036447519404
KDM5A	ALG10B	KIRC	0.899720850332832	0.576559251321653	3	0.518742379866379
KDM5A	MAN2A1	KIRC	0.805883616061842	0.754380124898858	3	0.607942582938676
KDM5A	UGGT1	KIRC	0.825101996993773	0.589721132359792	3	0.486580083979493
KDM5A	SLC35A3	KIRC	0.978043805024694	0.606217223608186	3	0.592907000049256
KDM5A	FUT11	KIRC	0.97535967360962	0.650870934106647	3	0.634833261852248
KDM5A	COG5	KIRC	0.961724286021044	0.622497004696486	3	0.598670487391966
KDM5A	SLC35F5	KIRC	0.928548421730728	0.461227598599823	3	0.428272158738519
KDM5A	GNS	KIRC	0.884689714408417	0.542662451839301	3	0.480087889537883
KDM5A	SLC35A5	KIRC	0.976862787202061	0.448556519289007	3	0.438178171650314
KDM5A	HS2ST1	KIRC	0.841582563882328	0.614260595353716	3	0.516951006729666
KDM5A	GALNT4	KIRC	0.837019540476702	0.5534459600701	3	0.463245083176562
KDM5C	MAN2A2	KIRC	0.88549495383294	0.455108784685989	2	0.402996532284485
KDM5C	NDST2	KIRC	0.655035430534679	0.462910080219693	2	0.303222503695549
KDM6B	POMT2	KIRC	0.626959415933004	0.472677491733045	2	0.296349604141627
KDM6B	NDST2	KIRC	0.583422804380502	0.444882155637758	2	0.259554394861024
KDM6B	POMT1	KIRC	0.908041657719562	0.424507546336296	2	0.385470536089674
KLF10	FUT11	KIRC	0.953137581190617	0.461034872688692	3	0.439429663399024
KLF11	FUT11	KIRC	0.963495812754993	0.621352701092605	3	0.59867072574673
KLF11	ACER2	KIRC	0.710006441915396	0.553612296557281	3	0.393068296879246
KLF11	FUT10	KIRC	0.649345071934722	0.545357393838672	3	0.354125136132305
KLF15	KHK	KIRC	0.968973106446938	0.407544341504912	2	0.394899506602886
KLF4	GNE	KIRC	0.919529740176079	0.47773865078148	3	0.439294897425165
LMO2	ST6GALNAC3	KIRC	0.936922911745759	0.595981347872036	1	0.55838857979443
LMO2	HYAL2	KIRC	0.771687781833799	0.650194886934825	1	0.501747450058413
LMO2	FUT1	KIRC	0.832295469186171	0.757772620411617	1	0.630690718641921
LMO2	CSGALNACT1	KIRC	0.918080309211939	0.473301071743078	1	0.434528394296227
LYL1	MFNG	KIRC	0.894245222246081	0.695489112388609	2	0.621937815877681
LYL1	FUT7	KIRC	0.974232338415289	0.557178459121379	2	0.542821273144449
LYL1	MAN2B1	KIRC	0.949592012024909	0.444129745369072	2	0.421742058505128
LYL1	CHST12	KIRC	0.987814043375564	0.653296371516544	2	0.645335330270342
LYL1	ST6GALNAC6	KIRC	0.970367189177582	0.460615239289738	2	0.446965915041942
LYL1	IDUA	KIRC	0.684507193472192	0.488200187261015	2	0.334176540034636
LYL1	NAGK	KIRC	0.81194975305991	0.434137296484555	2	0.352497670674731
LYL1	GBGT1	KIRC	0.663678333691218	0.559257347584453	2	0.37116698454942
LYL1	LFNG	KIRC	0.975520721494524	0.480096348410214	2	0.468343936188018
LYL1	HYAL2	KIRC	0.978151170281297	0.405794120103879	2	0.396927993472878
LYL1	DPM3	KIRC	0.747315868584926	0.429666990404639	2	0.321096960136514
LYL1	B3GALT6	KIRC	0.776250805239424	0.5258376356406	2	0.408181888091211
LYL1	B3GALT4	KIRC	0.642097917114022	0.495689173312853	2	0.318280985720154
MAFB	NPL	KIRC	0.947930645767352	0.579304374784677	2	0.549140370085491
MAFF	CHSY1	KIRC	0.512883830792356	0.402410975174409	1	0.206390082500339
MAFK	POFUT2	KIRC	0.923931715696801	0.564943125596619	2	0.521968871303597
MAFK	MOGS	KIRC	0.849473910242646	0.440916781055469	2	0.37454730209479
MAFK	SULT1A3	KIRC	0.705711831651278	0.550548837680939	2	0.388528828653298
MECOM	ST3GAL2	KIRC	0.97847442160073	0.413451624445666	1	0.404551839089355
MECP2	NDST2	KIRC	0.739317156968005	0.496738516548662	3	0.367247307811261
MECP2	FUT11	KIRC	0.872127979385871	0.535353724254208	3	0.466896961790523
MECP2	NDST1	KIRC	0.576766158471119	0.516939620582421	3	0.298153279124841
MECP2	GNE	KIRC	0.767446854197982	0.463154130443546	3	0.355446180417701
MECP2	ACER2	KIRC	0.512400687137642	0.531137234562914	3	0.272155083954424
MED1	FUT11	KIRC	0.971335015298728	0.716346939055391	3	0.695812865006565
MED12	ACER2	KIRC	0.585301696371054	0.459982516487156	3	0.269228547200959
MED12	FUT11	KIRC	0.953296113377711	0.43874017305644	3	0.418249301757369
MEF2A	FUT11	KIRC	0.86557869873309	0.596491370242787	3	0.516310224060269
MEF2A	SLC35A3	KIRC	0.915664590938372	0.514123121000288	3	0.470764337282688
MEF2A	ACER2	KIRC	0.653800730083745	0.612396816313402	3	0.400385485606663
MEF2A	GNE	KIRC	0.949592012024909	0.518681738144603	3	0.492536035325311
MEF2A	FUT10	KIRC	0.965267339488941	0.522191635425329	3	0.504054530630386
MEF2C	ST6GALNAC3	KIRC	0.782155894352587	0.624929195305425	1	0.488792053661157
MEF2C	SLC35F1	KIRC	0.955872879536182	0.674863491873512	1	0.645083709270977
MEF2C	B3GALT1	KIRC	0.924468541979815	0.454424853009072	1	0.420101481300689
MEF2C	CSGALNACT1	KIRC	0.665825638823277	0.645161883531628	1	0.429565323246875
MEF2C	NDST1	KIRC	0.688157612196693	0.517247046981902	1	0.355947492766856
MEF2C	EXTL2	KIRC	0.796972299763796	0.597266845283587	1	0.476005131258328
MEF2C	B3GNT2	KIRC	0.828913463603178	0.56564743230905	1	0.468872772293539
MEF2C	XYLT1	KIRC	0.686332402834443	0.568155882119482	1	0.389943791759587
MEF2C	SULF1	KIRC	0.518520506764011	0.462165773789858	1	0.239642431234498
MEF2C	ACER2	KIRC	0.944438479707966	0.530859730029959	1	0.501364356367676
MEIS3	ST3GAL2	KIRC	0.997369692415052	0.446834661323951	1	0.445659348725053
MITF	SLC35F5	KIRC	0.866061842387803	0.453611340719879	3	0.39285547347186
MRE11A	NEU3	KIRC	0.934671748349348	0.689949930743346	3	0.644876708041395
MRE11A	FUT10	KIRC	0.989156691180418	0.619521233512324	3	0.612803573457062
MRE11A	NDST2	KIRC	0.957754039400934	0.580343432378867	3	0.555826266600663
MSC	TSTA3	KIRC	0.997047613935262	0.576480394735913	2	0.5747784020519
MXD3	MOGS	KIRC	0.99463202533684	0.515361034332433	2	0.512594589357757
MXI1	SLC35A5	KIRC	0.779525445565815	0.411322081049194	3	0.320636028500931
MXI1	GNE	KIRC	0.887910672106506	0.500321244483675	3	0.444240572458663
MXI1	COG6	KIRC	0.581651277646554	0.481629428488194	3	0.280140372432338
MXI1	FPGT	KIRC	0.679944170066566	0.461784477782391	3	0.31398766349537
MXI1	FUT11	KIRC	0.980352158041658	0.453755547493275	3	0.444840230208406
MXI1	GALC	KIRC	0.779310715052609	0.411434080257926	3	0.320634987282817
MYH11	SULF1	KIRC	0.783873738458235	0.689919281609231	1	0.540809606509448
MYH11	B4GALNT1	KIRC	0.825746188533391	0.414536603793345	1	0.342302020589931
MYH11	XYLT1	KIRC	0.993397036718918	0.594952887605573	1	0.59102443553474
MYH11	CHST1	KIRC	0.97063560231909	0.408768540648232	1	0.396765298661192
MYH11	CHST7	KIRC	0.634958127549925	0.404542700373649	1	0.256867675543242
MYH11	CHST8	KIRC	0.968166201417221	0.435144490817677	1	0.421292188742581
MYH11	ST6GALNAC6	KIRC	0.685205067640112	0.428459933997349	1	0.293582918055731
MYH11	EXT1	KIRC	0.558245651707108	0.47891962945093	1	0.267354800658161
MYH11	HAS2	KIRC	0.601406484861499	0.440312962107424	1	0.26480707077998
MZF1	MOGS	KIRC	0.976488270975361	0.603207063056593	2	0.589024622044258
MZF1	MAN2A2	KIRC	0.95861291534704	0.588685295522068	2	0.564321327362343
NFATC1	HYAL2	KIRC	0.951417221387159	0.409598041281371	1	0.389698630321545
NFIC	MGAT5	KIRC	0.765406914322525	0.611290953996377	3	0.467886322851639
NFIC	FUT11	KIRC	0.736471977668027	0.575245909950974	3	0.423652492947038
NFIC	SLC35E1	KIRC	0.749248443203779	0.474986462433304	3	0.355882867521023
NFIC	GANAB	KIRC	0.992645479922697	0.404088885398004	3	0.401117005577329
NFIC	GNE	KIRC	0.745598024479278	0.447219385878624	3	0.333445890619938
NFIC	COG8	KIRC	0.863807171999141	0.404784984376214	3	0.349656172621734
NFYC	GALT	KIRC	0.994309946857051	0.442919572100685	2	0.44039933619738
NIPBL	NEU3	KIRC	0.788436761863861	0.582135004137114	3	0.458976637629472
NIPBL	FUT11	KIRC	0.976648056688855	0.605799148639781	3	0.591652561262805
NOTCH1	ST3GAL2	KIRC	0.687030277002362	0.559408411452262	1	0.384330515877499
NOTCH1	XYLT1	KIRC	0.804756280867511	0.576464498744321	1	0.463913426061634
NOTCH1	NDST1	KIRC	0.678226325960919	0.544054857586461	1	0.368992327182056
NOTCH1	MFNG	KIRC	0.669959201202491	0.481249067539055	1	0.322417240867909
NOTCH1	ACER2	KIRC	0.511273351943311	0.435314327129949	1	0.222564615180676
NOTCH1	FUT1	KIRC	0.892097917114022	0.591724858463338	1	0.527876513739733
NOTCH1	CSGALNACT1	KIRC	0.536396821988405	0.501401236853599	1	0.268950029989326
NOTCH1	HYAL2	KIRC	0.956731801589006	0.499296212764419	1	0.47769256516467
NOTCH1	ST6GALNAC3	KIRC	0.986310929783122	0.460147606229899	1	0.45384861333809
NOTCH1	SLC35F1	KIRC	0.885602319089543	0.458269489628541	1	0.405844522783017
NPAT	FUT11	KIRC	0.93912716731977	0.689968216328446	3	0.647967896541208
NR1H2	RFNG	KIRC	0.806635172858063	0.681687131976626	2	0.549872817537083
NR1H2	DPM3	KIRC	0.825692505905089	0.74834411559482	2	0.617902128084814
NR1H2	PIGQ	KIRC	0.6847756066137	0.566812307196167	2	0.388139241496366
NR1H2	IDUA	KIRC	0.885709684346146	0.495968859648576	2	0.439284422124858
NR1H2	DPM2	KIRC	0.851674898003006	0.657762417886294	2	0.56019974016352
NR1H2	B3GAT3	KIRC	0.563023405625939	0.702949942795209	2	0.395777270777118
NR1H2	CHST12	KIRC	0.89601674898003	0.580294393764283	2	0.51995349615201
NR1H2	GALK1	KIRC	0.954584496456947	0.490120900964024	2	0.467861813449768
NR1H2	TSTA3	KIRC	0.780008589220528	0.521401511137376	2	0.406697657119716
NR1H2	ALG12	KIRC	0.961616920764441	0.541397421815617	2	0.520616921676141
NR2C2	STT3B	KIRC	0.873362679836805	0.539252917485882	3	0.470963373125285
NR2C2	OGT	KIRC	0.973319733734164	0.564257935632247	3	0.549203383666968
NR2C2	ALG10B	KIRC	0.919905518574189	0.490117472416818	3	0.450861767625864
NR2C2	FUT11	KIRC	0.943633240283444	0.490398924973829	3	0.462756726604572
NR2C2	COG3	KIRC	0.898969293536612	0.480602318861539	3	0.432046727059015
NR2C2	B3GALNT2	KIRC	0.814955980244793	0.584642934470697	3	0.476458255754759
NR2C2	EXTL2	KIRC	0.98588146875671	0.429096189242507	3	0.42303798128831
NR2F1	FUT1	KIRC	0.966555722568177	0.465236297551352	1	0.44967680574469
NR2F2	CSGALNACT1	KIRC	0.960811681339918	0.423273373237467	1	0.406686001406709
NR2F2	XYLT1	KIRC	0.966340992054971	0.546416918820729	1	0.528025067408844
NR2F2	CHST7	KIRC	0.897573545200773	0.403644628796389	1	0.362300740470025
NRF1	NDST2	KIRC	0.918402404981748	0.493322956263789	2	0.453068989465369
NRF1	MAN2A2	KIRC	0.849849688640756	0.402164431461679	2	0.341779316860095
PBX1	MAN1A2	KIRC	0.965482070002147	0.471195528177048	3	0.454930833920131
PBX1	SLC35A5	KIRC	0.642097917114022	0.430845579480581	3	0.276645049182265
PBX1	FUT11	KIRC	0.537255744041228	0.423662565293045	3	0.22761514673893
PBX1	ACER2	KIRC	0.537094696156324	0.500984096943523	3	0.269075901327032
PBX1	SLC35A3	KIRC	0.710006441915396	0.408630567597029	3	0.290130335357435
PBX1	MGAT4A	KIRC	0.730835301696371	0.412405709757063	3	0.301400651311609
PBX1	GNE	KIRC	0.652082885978097	0.459316651061582	3	0.299512527402031
PBX1	B3GNT2	KIRC	0.654659652136569	0.415782309278231	3	0.272195901956626
PCGF1	RFNG	KIRC	0.998550646840947	0.575882269091501	2	0.575047612305551
PHF20	POFUT1	KIRC	0.958344516613882	0.514994491467489	3	0.493542146984223
PHF20	GNS	KIRC	0.927102904074293	0.607910302555784	3	0.56359540691615
PIAS1	MGAT5	KIRC	0.799334335409062	0.758156409907961	3	0.6060204500499
PIAS1	ACER2	KIRC	0.773942452222461	0.667815022189973	3	0.516850395904705
PIAS1	UGCG	KIRC	0.87389950611982	0.586345364001584	3	0.51240692401663
PIAS1	FUT11	KIRC	0.847970796650204	0.679786885661483	3	0.576439426986729
PIAS1	ALG10	KIRC	0.924575907236418	0.687286780727159	3	0.63544879882241
PIAS1	SLC35A3	KIRC	0.957912819411638	0.669525659455081	3	0.641347212117053
PIAS1	FUT10	KIRC	0.943364827141937	0.624575847152456	3	0.589202886086005
PIAS1	COG5	KIRC	0.917114021902512	0.646998753671143	3	0.593371629145255
PIAS1	GALNT4	KIRC	0.78951041442989	0.552174488533483	3	0.435947509279683
PIAS1	GNE	KIRC	0.888125402619712	0.555266518636544	3	0.493146300425326
PIAS1	SLC35F5	KIRC	0.818874812110801	0.55719855693487	3	0.456275863618451
PIAS1	GANAB	KIRC	0.986686708181233	0.442779625037454	3	0.436884770677926
PIAS1	MGAT4A	KIRC	0.730674253811467	0.658920851260479	3	0.481456501315567
PML	IDUA	KIRC	0.870517500536826	0.481211665205898	2	0.418903176024202
POLR3A	MGAT5	KIRC	0.748282155894353	0.682801409818611	3	0.510928110986774
POLR3A	NEU3	KIRC	0.934292462958986	0.712844833927407	3	0.666005555597627
POLR3A	MAN2A1	KIRC	0.717844105647413	0.638260321901102	3	0.458171409945327
POLR3A	UGCG	KIRC	0.909491088683702	0.505759232038672	3	0.459983514558685
POLR3A	ACER2	KIRC	0.755046167060339	0.54667177416305	3	0.412762427721886
POLR3A	COG5	KIRC	0.754133562379214	0.541807496840542	3	0.408595217716123
POLR3A	GANAB	KIRC	0.985022546703887	0.450128040653843	3	0.443386268947679
POLR3A	SLC35E3	KIRC	0.86123040584067	0.459387923285321	3	0.39563884760932
POLR3A	SLC35D1	KIRC	0.769755207214945	0.446193211310299	3	0.343459547830061
POLR3A	GFPT1	KIRC	0.919046596521366	0.400217328334719	3	0.367818373474898
POLR3A	MAN1A1	KIRC	0.93622503757784	0.442551055223714	3	0.414327378306934
POLR3A	MGAT4A	KIRC	0.80545415503543	0.523730221957912	3	0.421840683393628
POU2F2	GCNT1	KIRC	0.93542326480219	0.440285408892696	2	0.411853214631173
POU5F1	POFUT2	KIRC	0.971977668026627	0.558415275611559	2	0.542767177379369
PPARG	FUT1	KIRC	0.969884045522869	0.41180997370616	1	0.399407923284797
PRAME	ALG3	KIRC	0.946373933115036	0.42542480882635	2	0.402610949573705
PRAME	B4GALT7	KIRC	0.944280422996403	0.415656993276847	2	0.392496761432874
PRDM1	CSGALNACT2	KIRC	0.938372342709899	0.415205482184645	1	0.389617341023599
PRDM1	XYLT1	KIRC	0.882488726648057	0.462187176236054	1	0.407874972629616
PRDM1	ST6GALNAC3	KIRC	0.770130985613056	0.442559990225524	1	0.340829161465287
PRDM1	FUT1	KIRC	0.817962207429676	0.475222616609046	1	0.388714140502042
PRDM4	MGAT5	KIRC	0.995544581029578	0.554401589682275	3	0.551931498322373
PRDM4	GFPT1	KIRC	0.988244135487681	0.467230465280869	3	0.461737767234999
RB1	COG6	KIRC	0.588791067210651	0.596279527583597	3	0.351084059401809
RB1	STT3B	KIRC	0.710972729224823	0.496184650331821	3	0.352773755045879
RB1	SLC35A5	KIRC	0.650687137642259	0.501719364476178	3	0.326462337170698
RB1	ALG10B	KIRC	0.867833369121752	0.431785313101165	3	0.374717703005875
RB1	ALG10	KIRC	0.854842173072794	0.508413862634529	3	0.434613611154834
RB1	MAN2A1	KIRC	0.580148164054112	0.49452045429705	3	0.286895133647639
RB1	SLC35F5	KIRC	0.575101996993773	0.584503402988945	3	0.336149074308598
RB1	FPGT	KIRC	0.700826712475843	0.564809308360211	3	0.395833450753841
RB1	GNE	KIRC	0.995114880824565	0.414913847881386	3	0.412886944286947
RB1	GALNT4	KIRC	0.740498174790638	0.447367540676076	3	0.331274847331211
RB1	FUT11	KIRC	0.661208932789349	0.469947017517175	3	0.310733165920069
RB1	ASAH1	KIRC	0.805507837663732	0.45395377985901	3	0.365663327613509
RB1	FUT10	KIRC	0.955282370624866	0.486243421864656	3	0.464499768739615
RB1	SLC17A5	KIRC	0.589274210865364	0.46571359288059	3	0.274433009933983
RB1	LIPA	KIRC	0.95254455658149	0.426117301197249	3	0.405895715720635
RBBP5	MAN1A2	KIRC	0.954155035430535	0.791851548477372	3	0.755549142293151
RBBP5	COG5	KIRC	0.963495812754993	0.655085345890543	3	0.631171987762694
RBBP5	FUT11	KIRC	0.998389521150956	0.681256901249944	3	0.680159751419716
RBBP5	ACER2	KIRC	0.898378784625295	0.675372059709085	3	0.60673993017133
RBBP5	SLC35A3	KIRC	0.921140219025123	0.727459380027237	3	0.670092092650169
RBBP5	SLC35E1	KIRC	0.969400901868155	0.505525363561068	3	0.490056743353326
RBBP5	FUT10	KIRC	0.867833369121752	0.574043840521438	3	0.498174400143309
RBBP5	GFPT1	KIRC	0.855003220957698	0.617356157899352	3	0.527841503482015
RBBP5	SLC35F5	KIRC	0.889789564097058	0.598787146231071	3	0.532794553831866
RBCK1	CTSA	KIRC	0.949809436899458	0.497659445107297	2	0.472681637325058
RBL1	COG5	KIRC	0.914649202855763	0.705032733275235	3	0.644857627477413
RBL2	ALG10B	KIRC	0.943096414000429	0.701218110874645	3	0.661316285798033
RBL2	SLC35A5	KIRC	0.946156323813614	0.528782965481387	3	0.50031134671513
RBL2	ALG10	KIRC	0.937728151170281	0.694903973665433	3	0.651631018466168
RBL2	SLC35A3	KIRC	0.945351084389092	0.652694193952708	3	0.617025164027657
RBL2	FPGT	KIRC	0.938748121108009	0.548767239878201	3	0.515154215361289
RBL2	GNE	KIRC	0.928870517500537	0.530520407751924	3	0.492784765693126
RBL2	GALNT4	KIRC	0.912765729010092	0.50184996095612	3	0.458071445465799
RBL2	FUT11	KIRC	0.735613055615203	0.678574842276439	3	0.499168513190576
RCOR1	GNPNAT1	KIRC	0.547938587073223	0.601704943798839	1	0.329697356740109
RCOR1	ACER2	KIRC	0.873255314580202	0.596908925734343	1	0.521253891717874
RCOR1	UGCG	KIRC	0.941485935151385	0.451324499733404	1	0.424915668688235
RCOR1	PIGA	KIRC	0.806957268627872	0.485381609771484	1	0.391682218063396
RCOR1	GNE	KIRC	0.966233626798368	0.45992620519668	1	0.444396165306798
RCOR1	FUT11	KIRC	0.671784410564741	0.563236228564827	1	0.37837331781513
RCOR1	ST6GALNAC3	KIRC	0.670173931715697	0.524498216532081	1	0.351505031951176
RCOR1	FUT1	KIRC	0.986310929783122	0.440063176696518	1	0.434039120970857
RELA	B3GALT6	KIRC	0.918295039725145	0.412426904412519	2	0.378729580571213
REST	FUT11	KIRC	0.932953996457137	0.766574012775806	3	0.715178288799373
RFX7	NEU3	KIRC	0.968275269740727	0.661412158334881	3	0.640429036021503
RNF2	STT3B	KIRC	0.853714837878463	0.447387488587094	1	0.381941337287984
RNF2	SLC35A5	KIRC	0.783175864290316	0.43394768743452	1	0.339857355163314
RNF2	MAN1A2	KIRC	0.787363109297831	0.451123254401943	1	0.35519780826247
RNF2	CHSY1	KIRC	0.902404981747906	0.442364666930145	1	0.399192079187016
RNF2	PAPSS1	KIRC	0.846145587287954	0.424040744439416	1	0.358800204737711
RNF2	ACER2	KIRC	0.749355808460382	0.463999319277537	1	0.347700585022286
RNF2	EXTL2	KIRC	0.618262830148164	0.473964235889035	1	0.293034469869767
RNF2	B3GNT2	KIRC	0.902458664376208	0.522838903579694	1	0.471840498608452
RUNX1	CHST15	KIRC	0.869443847970797	0.400735038962842	2	0.348416614292581
RUNX1	SULF1	KIRC	0.69239853983251	0.457726012948688	2	0.316928823009028
RUNX1	CHST3	KIRC	0.949001503113592	0.550235385350005	2	0.522174207763441
RUNX1	CHST11	KIRC	0.832080738672965	0.576286733766452	2	0.47951709111982
RUNX1	MAN1C1	KIRC	0.690358599957054	0.46418092838409	2	0.320451295846006
RUNX1	TPST2	KIRC	0.993558084603822	0.665409221004984	2	0.661122711099433
RUNX1	GFPT2	KIRC	0.721655572256818	0.686578733781413	2	0.495473369026387
RUNX1	B4GALNT1	KIRC	0.964945243719132	0.492991530033866	2	0.475709832099997
RUNX1	B3GNT7	KIRC	0.591582563882328	0.458325697023647	2	0.271137490938404
RUNX1	GALNT2	KIRC	0.618745973802877	0.676976827592283	2	0.418876686430569
RUNX1	HAS2	KIRC	0.739048743826498	0.451906964141491	2	0.333981274175215
RUNX1	B3GALT5	KIRC	0.841099420227614	0.600816523205899	2	0.505346429331652
RUNX1	GALNT7	KIRC	0.784303199484647	0.599429427407682	2	0.470134417781095
RUNX1	GAL3ST4	KIRC	0.71956194975306	0.500620982625785	2	0.360227810345503
RUNX1	GALNT6	KIRC	0.930588361606184	0.432530762380068	2	0.402508093507541
RUNX1	GCNT1	KIRC	0.734378355164269	0.422513794188259	2	0.310284985210188
RUNX2	TPST2	KIRC	0.975307316549466	0.473382629608435	2	0.461693542184533
RUNX3	CHST11	KIRC	0.995490901282946	0.441780047683819	2	0.439788017837588
RUNX3	GALNT6	KIRC	0.945622416662193	0.436154632881555	2	0.412437597983868
RYBP	STT3B	KIRC	0.906914322525231	0.471604979829753	1	0.427705310781826
RYBP	ACER2	KIRC	0.85650633455014	0.45158413426274	1	0.386784671578378
RYBP	B3GNT2	KIRC	0.955282370624866	0.400166835184957	1	0.382272322960936
RYBP	ST6GALNAC3	KIRC	0.955282370624866	0.478032051306027	1	0.456655591206289
RYBP	CSGALNACT1	KIRC	0.758267124758428	0.439887905207527	1	0.333552537097719
SATB1	MGAT5	KIRC	0.993826829137366	0.440227746962411	3	0.43751014586194
SETDB1	OGT	KIRC	0.729976379643547	0.554306733209573	2	0.404630822320366
SFMBT1	STT3B	KIRC	0.993665449860425	0.456532982416332	3	0.453641051348846
SFMBT1	GFPT1	KIRC	0.949914107794718	0.442491938758251	3	0.420329335211899
SFMBT1	SLC35B4	KIRC	0.885978097487653	0.428535569826623	3	0.379673128860779
SIN3A	FUT11	KIRC	0.995705389735882	0.649312399663046	3	0.646523855966834
SIN3A	SLC35A3	KIRC	0.927313721279794	0.496961268221689	3	0.46083900296658
SIN3A	GNE	KIRC	0.885924414859351	0.569815195071869	3	0.504813193272012
SIN3A	GNB1	KIRC	0.819733734163625	0.535470398754585	3	0.438943149505181
SMAD1	STT3B	KIRC	0.800891131629805	0.424666298461476	1	0.340111472339852
SMAD1	CHSY1	KIRC	0.978365900794503	0.461200585803653	1	0.451222926576743
SMAD1	NDST1	KIRC	0.779954906592227	0.559169867683013	1	0.436127281917892
SMAD1	GNPNAT1	KIRC	0.86665235129912	0.401896693093493	1	0.348304714048817
SMAD1	CSGALNACT1	KIRC	0.562164483573116	0.729718169263843	1	0.410221637778128
SMAD1	CHST7	KIRC	0.622933218810393	0.557094038192769	1	0.347032382391502
SMAD1	ST6GALNAC3	KIRC	0.901546059695083	0.492284937623298	1	0.443817545761524
SMAD1	FUT1	KIRC	0.718327249302126	0.42654794750541	1	0.306401013827029
SMAD1	GNB1	KIRC	0.558406699592012	0.412442904299481	1	0.230310880960017
SMAD2	ALG10B	KIRC	0.993611767232124	0.412509501231576	3	0.409874294518748
SMAD2	IDS	KIRC	0.935741893923126	0.455437197950186	3	0.426171666172949
SMAD2	GNB1	KIRC	0.943525875026841	0.50696774298114	3	0.478337183306663
SMAD2	FUT11	KIRC	0.944599527592871	0.498717099972696	3	0.471087937036695
SMAD3	MAN2A2	KIRC	0.816620141722139	0.444470729973025	2	0.362963750501914
SMAD3	COG3	KIRC	0.683540906162766	0.428640504150204	2	0.292993318624895
SMAD3	POMT2	KIRC	0.843729869014387	0.404830490548223	2	0.341567576763282
SMAD4	COG6	KIRC	0.796864934507193	0.533746878463612	3	0.425324171350325
SMAD4	FUT10	KIRC	0.872289027270775	0.525619247573108	3	0.458491902180343
SMAD4	FUT11	KIRC	0.862518788919906	0.607787186542474	3	0.524227868057652
SMAD4	SLC35F5	KIRC	0.923072793643977	0.481161795428354	3	0.444147362700803
SMAD4	ACER2	KIRC	0.904122825853554	0.549421469022349	3	0.496744491157097
SMAD4	GNE	KIRC	0.750268413141507	0.583674733518766	3	0.437912716107917
SMAD4	ST6GALNAC3	KIRC	0.893064204423449	0.541629731862673	3	0.483710125578024
SMARCC2	OGT	KIRC	0.866169207644406	0.56730321281886	2	0.491380574341438
SMARCC2	MAN2A2	KIRC	0.867994417006657	0.627213335012282	2	0.544417673062787
SMARCC2	NDST2	KIRC	0.735398325101997	0.5880401052751	2	0.432443708512111
SMC1A	NEU3	KIRC	0.982016319519004	0.554103306075344	3	0.544138489265422
SMC1A	STT3B	KIRC	0.85001073652566	0.572486656717646	3	0.486619804727679
SMC1A	MAN1A2	KIRC	0.719293536611552	0.704626502378996	3	0.506833288886416
SMC1A	UGGT1	KIRC	0.907719561949753	0.571659545678015	3	0.518906552387243
SMC1A	MAN2A1	KIRC	0.686439768091046	0.631020373050871	3	0.433157478537765
SMC1A	GANAB	KIRC	0.999731586858493	0.424549623961098	3	0.424435669262805
SMC1A	FUT11	KIRC	0.993289671462315	0.625627060504923	3	0.621428897386869
SMC1A	ACER2	KIRC	0.888125402619712	0.502655773444925	3	0.446421361169897
SMC1A	SLC35A3	KIRC	0.733036289456732	0.575445492956517	3	0.421822428941445
SMC1A	SLC35D1	KIRC	0.915127764655358	0.533392075775465	3	0.488121897989283
SMC1A	B4GALT5	KIRC	0.747315868584926	0.508723782522887	3	0.3801773554059
SMC1A	UGCG	KIRC	0.961455872879536	0.568746111715782	3	0.546824289286539
SMC1A	SLC35B4	KIRC	0.917060339274211	0.455607794147532	3	0.417819838276911
SMC1A	GFPT1	KIRC	0.855486364612411	0.568555463712049	3	0.486391446731544
SMC1A	MGAT4A	KIRC	0.964784195834228	0.507712984469304	3	0.489833463435813
SMC3	FUT11	KIRC	0.980137427528452	0.719909615184017	3	0.70561035827946
SMC3	SLC35A3	KIRC	0.977668026626584	0.563503343560794	3	0.550919201896564
SMC3	MAN2A1	KIRC	0.945190036504187	0.520223129852173	3	0.491709719095298
SMC3	SLC35A5	KIRC	0.897788275713979	0.503415871970982	3	0.451960867663877
SMC3	GNE	KIRC	0.840777324457806	0.603154388104063	3	0.507118532665119
SMC3	COG6	KIRC	0.844051964784196	0.530299733986295	3	0.447600532395669
SMC3	ACER2	KIRC	0.82316942237492	0.571699857081529	3	0.470605841125627
SMC3	FUT10	KIRC	0.995866437620786	0.50117173198153	3	0.499100107364686
SNAI2	HAS2	KIRC	0.778183379858278	0.52236780164459	1	0.406497941412926
SNAI2	CHST1	KIRC	0.64419153961778	0.594843693571827	1	0.383193274793962
SNAI2	CSGALNACT1	KIRC	0.714784195834228	0.524810422118576	1	0.375126195539448
SNAI2	XYLT1	KIRC	0.631844535108439	0.54639032160604	1	0.345233738742919
SNAI2	CHST7	KIRC	0.915664590938372	0.475749573925088	1	0.43562703899722
SNAI2	CHST2	KIRC	0.845823491518145	0.461947074036256	1	0.390725687057937
SNAI2	MAN1C1	KIRC	0.522493021258321	0.456345451273695	1	0.238437313573485
SNAI2	ST6GALNAC6	KIRC	0.96086536396822	0.435937387663131	1	0.418877136664289
SNAI2	EXT2	KIRC	0.89891561090831	0.411817869754271	1	0.370189511973119
SND1	GANAB	KIRC	0.922218047130818	0.401667707698273	3	0.370425208989014
SOX17	HYAL2	KIRC	0.985076229332188	0.742895426816725	1	0.731808625836746
SOX17	ST6GALNAC3	KIRC	0.618745973802877	0.63682615021525	1	0.394033616458072
SOX17	CSGALNACT1	KIRC	0.582080738672965	0.636643606050368	1	0.370577980481218
SOX17	FUT1	KIRC	0.668563452866652	0.721533499815274	1	0.482390927995459
SOX17	NDST1	KIRC	0.64456731801589	0.441833138217829	1	0.28479120091161
SOX17	SLC35E4	KIRC	0.666416147734593	0.405884405180306	1	0.270487921725806
SP2	MAN1A2	KIRC	0.8297187030277	0.430691087065567	3	0.357352450165632
SP2	FUT10	KIRC	0.852802233197337	0.42579055025897	3	0.363115132135173
SP2	POMT2	KIRC	0.890272707751771	0.422793688314721	3	0.376401681716305
SP2	HS3ST3B1	KIRC	0.966555722568177	0.401604603984984	3	0.388173228191413
SRF	FUT1	KIRC	0.918402404981748	0.512276588591374	1	0.470476050978163
STAT1	LAMP3	KIRC	0.829128194116384	0.48247804586939	2	0.400036150872489
STAT1	LIPA	KIRC	0.997530599098132	0.452406258324617	2	0.451289085902299
STAT1	HPSE	KIRC	0.981640541120893	0.56258127215309	2	0.55225258442084
STAT1	GM2A	KIRC	0.981264762722783	0.439129365112018	2	0.430902172261251
STAT1	NPL	KIRC	0.856774747691647	0.406064559751682	2	0.347905860727767
STAT1	GCNT1	KIRC	0.874543697659437	0.632215481490624	2	0.552900064900352
STAT1	GALNT6	KIRC	0.844159330040799	0.429385953429108	2	0.362470158775646
STAT1	GAL3ST4	KIRC	0.822847326605111	0.44948721401241	2	0.369859352393291
STAT2	OGT	KIRC	0.747960060124544	0.578669470179327	2	0.432821651707567
STAT2	POFUT2	KIRC	0.741571827356667	0.533137843805363	2	0.395360005063736
STAT2	GAL3ST4	KIRC	0.994953832939661	0.514328937728024	2	0.511733547984282
STAT2	MAN2A2	KIRC	0.920710757998712	0.513844161932155	2	0.473101847825767
STAT2	ST3GAL5	KIRC	0.549119604895856	0.470465663203626	2	0.258341919095442
STAT2	NDST2	KIRC	0.624812110800945	0.511494256456162	2	0.319587806038934
STAT2	CHST11	KIRC	0.907182735666738	0.456999368731733	2	0.414581937524026
STAT2	NAGK	KIRC	0.571612626154177	0.489667189883749	2	0.279899948350986
STAT2	GBGT1	KIRC	0.635763366974447	0.484784834766882	2	0.308208438809544
STAT2	GCNT1	KIRC	0.519379428816835	0.448050029360831	2	0.232707968330795
STAT2	MAN2B1	KIRC	0.819841099420228	0.515833758265396	2	0.42290171549437
STAT3	MGAT5	KIRC	0.856989478204853	0.571776116283023	3	0.490006115543385
STAT3	UGCG	KIRC	0.728043805024694	0.534938558356159	3	0.389458703480042
STAT3	NEU3	KIRC	0.760468112518789	0.462095956101297	3	0.351409239538919
STAT3	MAN2A1	KIRC	0.584013313291819	0.475753210263034	3	0.277846208634934
STAT3	FUT11	KIRC	0.982445780545416	0.485037716097175	3	0.476523257585055
STAT3	STT3B	KIRC	0.769701524586644	0.584817478692099	3	0.450134904954226
STAT3	UGGT1	KIRC	0.923878033068499	0.496471817134175	3	0.458679405887865
STAT3	MAN1A2	KIRC	0.552447927850548	0.563842146361979	3	0.311493425392481
STAT3	ACER2	KIRC	0.568337985827786	0.469430345842751	3	0.26679509724271
STAT3	CHSY1	KIRC	0.81484861498819	0.478125868825031	3	0.389600202002101
STAT3	MGAT4A	KIRC	0.623147949323599	0.432513411853298	3	0.269519845651336
STAT3	SLC35E1	KIRC	0.869873308997208	0.404461350299032	3	0.351830133146098
STAT3	CSGALNACT2	KIRC	0.643815761219669	0.418065929508238	3	0.269157434646355
STAT4	FUT7	KIRC	0.996188533390595	0.478840303137633	2	0.477015219310987
STAT4	GBGT1	KIRC	0.984539403049173	0.439096014698286	2	0.432307328192321
STAT4	ST8SIA1	KIRC	0.693955336053253	0.507907892183203	2	0.352465392004094
STAT5A	GM2A	KIRC	0.908846897144084	0.433190913560299	2	0.393704217660289
STAT5A	GBGT1	KIRC	0.813721279793859	0.412839265135581	2	0.335936095175281
STAT5A	ST8SIA1	KIRC	0.95796650203994	0.568126479729805	2	0.544246136503026
STAT5A	CHST11	KIRC	0.98840455228688	0.526505475078202	2	0.520400408371261
STAT5A	GALNT6	KIRC	0.962368477560661	0.511027038977803	2	0.491796313493401
STAT5A	GMPPB	KIRC	0.844749838952115	0.425985561868238	2	0.35985123478412
STAT5B	MGAT5	KIRC	0.65868584925918	0.505705829818553	3	0.333101273989352
STAT5B	MGAT4A	KIRC	0.974124973158686	0.467159712533979	3	0.455071942432982
STAT5B	GNE	KIRC	0.685634528666524	0.532803196818973	3	0.365308268722994
STAT5B	FUT11	KIRC	0.905142795791282	0.56142720238444	3	0.50817178759953
STAT5B	MAN1A2	KIRC	0.587985827786128	0.46546704916786	3	0.273688028212131
STAT5B	GALC	KIRC	0.784195834228044	0.42351700787984	3	0.332120273304096
STAT5B	ACER2	KIRC	0.777861284088469	0.511741007959632	3	0.398063517572207
STAT6	MAN2A2	KIRC	0.928602104359029	0.55203672327302	2	0.512622462914789
SUMO2	PIGC	KIRC	0.821612626154177	0.45223586991801	4	0.371562700724455
SUPT5H	COG1	KIRC	0.701309856130556	0.489649631566239	2	0.343396112668099
SUPT5H	MAN2A2	KIRC	0.890755851406485	0.402280794275947	2	0.358333971409748
SVIL	ACER2	KIRC	0.966772236835042	0.418083695616488	1	0.404191709595413
TAF1	MAN1A2	KIRC	0.775982392097917	0.598767406110793	3	0.464632964104118
TAF1	FUT11	KIRC	0.986525660296328	0.609263124167019	3	0.601053705863072
TAF1	NDST2	KIRC	0.937406055400472	0.625031843930869	3	0.585908635318919
TAF3	FUT11	KIRC	0.977937624134414	0.596817913390326	3	0.583650692261794
TAL1	FUT1	KIRC	0.856076873523728	0.744473181903754	1	0.637326273986427
TAL1	HYAL2	KIRC	0.941539617779687	0.73360551842335	1	0.69071865941739
TAL1	EXTL2	KIRC	0.902029203349796	0.59188122099501	1	0.533894146251833
TAL1	ST6GALNAC3	KIRC	0.777861284088469	0.624746962826652	1	0.48596647473471
TAL1	NDST1	KIRC	0.962905303843676	0.427725289836913	1	0.411858950172037
TAL1	ACER2	KIRC	0.758052394245222	0.4085682303751	1	0.309716125248378
TBL1X	FUT11	KIRC	0.958881314080197	0.522735112105182	3	0.501240931211276
TBL1X	COG8	KIRC	0.957915078640829	0.471352929662419	3	0.451516078685161
TBL1X	MPI	KIRC	0.995759300016104	0.409342250880721	3	0.407606353204003
TBL1XR1	ALG10B	KIRC	0.665288812540262	0.493289813640797	3	0.328180194355293
TBL1XR1	FPGT	KIRC	0.948625724715482	0.463083793278136	3	0.439293199002466
TBL1XR1	B3GALNT1	KIRC	0.948625724715482	0.507336779334962	3	0.481272719971447
TBL1XR1	FUT11	KIRC	0.708610693579558	0.401770668009826	3	0.284698991718365
TBX21	FUT7	KIRC	0.929250093939557	0.473673378065838	2	0.440161031064347
TCF12	FUT11	KIRC	0.964408417436118	0.449140722953853	3	0.433155093830039
TCF12	STT3B	KIRC	0.645479922697015	0.64235837087073	3	0.414629431573419
TCF12	COG5	KIRC	0.741035001073653	0.503525066004728	3	0.373129697827425
TCF12	NEU3	KIRC	0.611820914751986	0.492017510941221	3	0.301026603618053
TCF12	UGGT1	KIRC	0.599366544986042	0.56436099983917	3	0.338259102598472
TCF12	UGDH	KIRC	0.972353446424737	0.406826320603657	3	0.395578974935261
TCF12	ACER2	KIRC	0.752469400901868	0.45699303111417	3	0.343873272338808
TCF21	ST6GALNAC6	KIRC	0.949216233626798	0.443788552974379	1	0.421251298781027
TCF21	CHST7	KIRC	0.957214945243719	0.50081038388508	1	0.479383184188043
TCF21	XYLT1	KIRC	0.826712475842817	0.461735854749286	1	0.381722791665182
TCF7L1	ST6GALNAC3	KIRC	0.731318445351084	0.510549224171715	1	0.373374064896461
TCF7L1	HS6ST1	KIRC	0.839703671891776	0.436679720080939	1	0.366681564392637
TCF7L1	MFNG	KIRC	0.990873953188748	0.415331195582203	1	0.411540863649147
TCF7L1	NDST1	KIRC	0.918885548636461	0.49800915692232	1	0.457613417384547
TCF7L1	SULF1	KIRC	0.845769808889843	0.416104488820235	1	0.351928613987696
TCF7L1	ST3GAL2	KIRC	0.596199269916255	0.476943643411143	1	0.284353451992922
TCF7L1	CHST1	KIRC	0.654928065278076	0.542502764655793	1	0.355300286064026
TCF7L1	FUT1	KIRC	0.953296113377711	0.708588760100188	1	0.67549491098664
TCF7L1	HYAL2	KIRC	0.936332402834443	0.66913916867912	1	0.626536685639962
TCF7L1	XYLT1	KIRC	0.857902082885978	0.517229280873652	1	0.443732077391123
TCF7L1	ST6GALNAC6	KIRC	0.662819411638394	0.500271166915392	1	0.331589440514513
TCF7L1	EXTL3	KIRC	0.58369121752201	0.500085713680153	1	0.291895639083332
TCF7L2	EXTL2	KIRC	0.632864505046167	0.44741699487214	1	0.283154335009
TCF7L2	FUT1	KIRC	0.963871591153103	0.425656836917931	1	0.410278532685283
TEAD1	UGCG	KIRC	0.987169851835946	0.530871885788235	3	0.524060720837441
TEAD1	FUT11	KIRC	0.643171569680052	0.694922882622751	3	0.446954641223061
TEAD1	SLC35A3	KIRC	0.776787631522439	0.677183891064458	3	0.52602807084511
TEAD1	ALG10	KIRC	0.69454584496457	0.64791739653164	3	0.450008335641312
TEAD1	GNE	KIRC	0.947229976379644	0.533005273313394	3	0.504878572450872
TEAD1	FUT10	KIRC	0.913248872664806	0.564224169637035	3	0.515277086851259
TEAD1	ALG10B	KIRC	0.769540476701739	0.553553699568668	3	0.425981977846084
TEAD4	TPST2	KIRC	0.785698947820485	0.410895174974348	2	0.322839906641859
TEAD4	SLC35E4	KIRC	0.631951900365042	0.579467490515392	2	0.366195581830964
TEAD4	GFPT2	KIRC	0.737223534464247	0.422948180729736	2	0.311807352692799
TET2	MAN1A2	KIRC	0.86450504616706	0.502604345236834	3	0.434503992682734
TET2	FUT11	KIRC	0.986096199269916	0.55148150641637	3	0.54381381744483
TET2	ACER2	KIRC	0.856721065063346	0.552645757931269	3	0.473463262337617
TET2	NDST2	KIRC	0.813560231908954	0.613624340108558	3	0.499220360443697
TET2	SLC35A3	KIRC	0.97246081168134	0.407733327182727	3	0.396504682301648
TET2	CSGALNACT2	KIRC	0.829933433540906	0.532836651128075	3	0.442218951387161
TET2	ALG10	KIRC	0.758750268413142	0.476307492061355	3	0.361398437448744
THAP1	FUT11	KIRC	0.934886467335874	0.473978677345448	3	0.443116251256016
TRRAP	FUT11	KIRC	0.954425895109775	0.542600530198852	3	0.517871996722078
TTF1	FUT1	KIRC	0.955016372322723	0.415640180412232	1	0.396943177288852
USF1	DPM3	KIRC	0.855056903586	0.467088959787089	2	0.399387639654754
USF1	RFNG	KIRC	0.890863216663088	0.520189363856962	2	0.463417569959539
USF1	TSTA3	KIRC	0.942344857204209	0.445153842029999	2	0.419488433701664
USF1	NAGK	KIRC	0.676025338200558	0.515718018823347	2	0.348638448091175
USF1	GMPPA	KIRC	0.958127549924844	0.401583344657929	2	0.384768066107726
USF1	IDUA	KIRC	0.854734807816191	0.64657849689997	2	0.552653147285878
USF1	B3GAT3	KIRC	0.928816834872235	0.500689034093058	2	0.465048403901551
USF1	SLC35C2	KIRC	0.71193901653425	0.461610764723948	2	0.328638713859191
USF1	MOGS	KIRC	0.96231479493236	0.490978661137771	2	0.472476029608959
USF1	POFUT2	KIRC	0.871859566244363	0.494438169164103	2	0.431080647702072
USF1	FUT7	KIRC	0.832724930212583	0.466068859572616	2	0.388107158561865
USF1	CHST5	KIRC	0.735720420871806	0.483115696280294	2	0.355438083397114
USF1	GBGT1	KIRC	0.990068713764226	0.424942244563883	2	0.420722021499447
USF2	DPM3	KIRC	0.786611552501611	0.580939064534401	2	0.456973379462239
USF2	IDUA	KIRC	0.914054112089328	0.668140422488444	2	0.610716500628663
USF2	RFNG	KIRC	0.856237921408632	0.566204415386987	2	0.484805691723343
USF2	GALK1	KIRC	0.934131415074082	0.514633143371039	2	0.480734986461212
USF2	DPM2	KIRC	0.958395963066352	0.487366530813081	2	0.46709011566491
USF2	CHST12	KIRC	0.637534893708396	0.591046525593378	2	0.376812783870891
USF2	B3GAT3	KIRC	0.905733304702598	0.596511733735284	2	0.540280543889935
USF2	NAGK	KIRC	0.796972299763796	0.526835654563687	2	0.419873423215186
USF2	TSTA3	KIRC	0.984378355164269	0.599949527629311	2	0.590577329189321
USF2	B4GALT2	KIRC	0.971816620141722	0.40810994789855	2	0.396608030212983
USF2	GBGT1	KIRC	0.956839166845609	0.424787232672018	2	0.406453061796546
USF2	MOGS	KIRC	0.943955336053253	0.454003961322663	2	0.428559461879842
USF2	SLC35C2	KIRC	0.796220742967576	0.607431760482108	2	0.483649767633167
USF2	SGSH	KIRC	0.907719561949753	0.528759796813903	2	0.479965611140556
USF2	GMPPA	KIRC	0.821075799871162	0.506643797217848	2	0.415992961050407
USF2	MAN2B1	KIRC	0.85108438909169	0.490909674612169	2	0.417805560516498
USF2	CTSA	KIRC	0.969347219239854	0.435620610680361	2	0.422267627606575
USF2	GALE	KIRC	0.987975091260468	0.405724717996797	2	0.400845915289513
VEZF1	ALG10B	KIRC	0.848614988189822	0.595524000453815	3	0.50537059261187
VEZF1	ALG10	KIRC	0.788490444492162	0.672272860825503	3	0.530080726852318
VEZF1	SLC35A5	KIRC	0.883562379214086	0.560838323427949	3	0.495535643402438
VEZF1	UGCG	KIRC	0.976916469830363	0.580048369528402	3	0.566658805490544
VEZF1	SLC35F5	KIRC	0.827678763152244	0.575577128390158	3	0.476392965724686
VEZF1	COG6	KIRC	0.788490444492162	0.606347716192758	3	0.478099380257635
VEZF1	GNE	KIRC	0.989907665879321	0.609990287860823	3	0.603834062065362
VEZF1	SLC35A3	KIRC	0.75907236418295	0.664524448035068	3	0.504422143827349
VEZF1	SLC35E3	KIRC	0.893278934936654	0.485898073655168	3	0.43404251372246
VEZF1	GNPNAT1	KIRC	0.988511917543483	0.512308276679188	3	0.506422836953541
XRN2	STT3B	KIRC	0.882381361391454	0.755624687534675	3	0.666749140487839
XRN2	MAN2A1	KIRC	0.931232553145802	0.778123645464115	3	0.724614069028667
XRN2	MAN1A2	KIRC	0.848990766587932	0.733281260973948	3	0.622549019878838
XRN2	FUT11	KIRC	0.969239853983251	0.489583034634145	3	0.474523389001476
XRN2	COG5	KIRC	0.810339274210865	0.714794222752504	3	0.579225831675384
XRN2	UGGT1	KIRC	0.796811251878892	0.569842727344887	3	0.454057096949761
XRN2	GANAB	KIRC	0.993719132488727	0.541963547686105	3	0.538559546447149
XRN2	SLC35E1	KIRC	0.940680695726863	0.472678634582114	3	0.444639666833927
XRN2	HS2ST1	KIRC	0.817103285376852	0.687002419099792	3	0.561351933708285
XRN2	SLC35F5	KIRC	0.762615417650848	0.559176724777425	3	0.426436791506769
XRN2	GNS	KIRC	0.881415074082027	0.683364314932632	3	0.60232760827136
XRN2	LAMP2	KIRC	0.747423233841529	0.604990219289879	3	0.452183746144137
XRN2	CTBS	KIRC	0.880395104144299	0.509687204287803	3	0.448726119299977
YAP1	SLC35F5	KIRC	0.847004509340777	0.496902567337706	3	0.420878715238046
YAP1	FUT11	KIRC	0.78371269057333	0.536261354205497	3	0.420274828754888
YAP1	MAN2A1	KIRC	0.723105003220958	0.534245368448306	3	0.386315498872594
YAP1	B3GNT2	KIRC	0.946532102211724	0.43844874654392	3	0.415005813778312
YBX1	TSTA3	KIRC	0.977883944387782	0.411162601656425	2	0.402069306692527
YY1	MGAT2	KIRC	0.994846467683058	0.465218323652363	1	0.462820805986987
YY1	GNPNAT1	KIRC	0.688855486364612	0.507326701484083	1	0.349474781696572
YY1	SLC35A3	KIRC	0.859995705389736	0.422778935172198	1	0.363588068577336
YY1	GALC	KIRC	0.579933433540906	0.595596831108102	1	0.345406515270605
YY1	PIGH	KIRC	0.624221601889628	0.577925163749492	1	0.360753371488033
YY1	COG6	KIRC	0.904552286879966	0.422194108135132	1	0.381896646020881
YY1	PIGA	KIRC	0.77936439768091	0.416208591980857	1	0.32437815859878
YY1	ST6GALNAC3	KIRC	0.620785913678334	0.521107798926719	1	0.323496381081629
YY1	ALG2	KIRC	0.808621430105218	0.432716631196787	1	0.349903941148658
YY1	GNE	KIRC	0.947713120034357	0.428411726545724	1	0.406011414023954
ZBTB10	ALG10	KIRC	0.930753126845241	0.679182526294879	3	0.632151260047609
ZBTB10	SLC35F5	KIRC	0.947340168554404	0.625957032199669	3	0.592994240391849
